<!DOCTYPE html><html><head><meta name="google" content="notranslate"><meta name="viewport" content="target-densitydpi=device-dpi,user-scalable=1,minimum-scale=1,maximum-scale=2.5,initial-scale=1,width=device-width"><meta http-equiv="X-UA-Compatible" content="IE=edge;"><meta name="referrer" content="origin"><title>NMTC testing - Google Drive</title><link rel="shortcut icon" href="//ssl.gstatic.com/docs/spreadsheets/spreadsheets_2023q4.ico"><link href='/static/spreadsheets2/client/css/499598006-waffle_k_ltr.css' type='text/css' rel='stylesheet' nonce="kqUkxt5hd90K5doaKpMW-w"><style type="text/css" nonce="kqUkxt5hd90K5doaKpMW-w">
        html { overflow: visible; }
        #sheets-viewport { overflow: auto; }
        #sheets-viewport.widget-viewport { overflow: hidden; }
        .grid-container { overflow: visible; background: white;}
        .grid-table-container { overflow: visible; }
        #top-bar {
          margin: 0;
          overflow: hidden;
        }
        #top-bar {
          border-bottom: 1px solid #ccc;
          padding: 6px 6px 0;
        }
        #doc-title { padding-bottom: 5px; }
        #doc-title .name { font-size: 15px; }
        #sheet-menu {
          font-size: 13px;
          margin: 6px 0 0;
          padding: 0 0 5px;
        }
        #sheet-menu li {
          display: inline;
          list-style-type: none;
          margin: 0;
          padding: 5px 8px;
        }
        #sheet-menu li.active {
          background-color: #fff;
          font-weight: bold;
          border: 1px solid #999;
        }
        #top-bar #sheet-menu li.active {
          border-bottom: 0;
        }
        #sheet-menu a, #sheet-menu a:visited { color: #07c; }
        #footer {
          background: #f0f0f0;
          border-top: 1px #ccc solid;
          border-bottom: 1px #ccc solid;
          font-size: 13;
          padding: 10px 10px;
        }
        .dash {
          padding: 0 6px;
        }
        .ritz .waffle a { color: inherit; }.ritz .waffle .s0{background-color:#ffffff;text-align:left;color:#000000;font-family:'Arial';font-size:10pt;vertical-align:bottom;white-space:nowrap;direction:ltr;padding:2px 3px 2px 3px;}</style><script type="text/javascript" nonce="sqXFWQmXvH0qAZdr4u8W_w">
        var activeSheetId;

        function switchToSheet(id) {
          if (document.getElementById('sheet-menu')) {
            document.getElementById('sheet-button-' + activeSheetId)
                .className = '';
            document.getElementById('sheet-button-' + id).className = 'active';
          }

          document.getElementById(activeSheetId).style.display = 'none';
          document.getElementById(id).style.display = '';
          activeSheetId = id;

          // posObjs() is defined in embeddedObjectJs (see EmbeddedObjectHtmlBuilder.java)
          posObjs();
          return false;
        }
        
        function init() {
        var optPageSwitcher;
        
        function resize() {
          var optMobileWebHeader = document.getElementById('docs-ml-header-id');
          var optTopBar = document.getElementById('top-bar');
          var optFooter = document.getElementById('footer');
          var sheetsViewport = document.getElementById('sheets-viewport');

          if (optMobileWebHeader) {
            sheetsViewport.style.marginTop = optMobileWebHeader.offsetHeight +
                (optTopBar ? optTopBar.offsetHeight : 0) + 'px';
          }
          var adjustedHeight = window.innerHeight -
              (optTopBar ? optTopBar.offsetHeight : 0) -
              (optFooter ? optFooter.offsetHeight : 0);
          var adjustedWidth = window.innerWidth;
          sheetsViewport.style.width = (adjustedWidth + 'px');
          sheetsViewport.style.height = (adjustedHeight + 'px');
          if (optPageSwitcher) {
            optPageSwitcher.resize(adjustedWidth, adjustedHeight);
          }
        }
        resize();
        window.onresize = resize;
        var currentUrl = window.location.href;
        var newUrl = currentUrl.replace('?sle=true&', '?');
        newUrl = newUrl.replace('?sle=true', '');
        newUrl = newUrl.replace('&sle=true&', '&');
        newUrl = newUrl.replace('&sle=true', '');
        window.history.replaceState(null, '', newUrl);
        }
        </script><script nonce="sqXFWQmXvH0qAZdr4u8W_w">_docs_flag_initialData={"docs-daflia":true,"docs-cclt":57,"docs-mwid":false,"docs-smheo":false,"info_params":{"includes_info_params":true},"docs-ecci":true,"ilcm":{"eui":"ADFN-ct4G4PkTWu4iYmy3P33HZV0Z1s2krqtwxfeHDtM5YCvBa4Jx525vSiXjlpZOXd4556u56Yu","je":1,"sstu":1709995881412640,"si":"CKTw0Ii354QDFc3HcwQdi4IKVg","gsc":0,"ei":[5700019,5700422,5700559,5702135,5702936,5703259,5703839,5703938,5704621,5704883,5705303,5705777,5705891,5706007,5706069,5706169,5706270,5707047,5707204,5707711,5707820,5707939,5708480,5708574,5708886,5709085,5709357,5709476,5709661,5709673,5710692,5711471,5711550,5712146,5712635,5712909,5712913,5713195,5713554,5714310,5714326,5714465,5714674,5714839,5714843,5715364,5716149,5716457,5717157,5717949,5719527,5720568,5721814,5723679,5724215,5724435,5724533,5724896,5725934,5726695,5726752,5727257,5728201,5729092,5729206,5730225,5731835,5732341,5734392,5734632,5735134,5735252,5735670,5735806,5737153,5737254,5737800,5738081,5738215,5739837,5740186,5740341,5740731,5740814,5743452,5743787,5744348,5744595,5746312,5746724,5746992,5747216,5747351,5747881,5749715,5749835,5750253,5750313,5750371,5750750,5750980,5753681,5754269,5754919,5756417,5756457,5756655,5757382,5758497,5758616,5758674,5759278,5760167,5760307,5760450,5760470,5760760,5762381,5763557,5763577,5765491,5768017,5768325,5769791,5769871,5769915,5770170,5771370,5773794,5776215,5777042,5778980,5780532,5781480,5781789,5782030,5782181,5782224,5782635,5782984,5783713,5783897,5784602,5785577,5786403,5786678,5786966,5790897,5792836,5792968,5793785,5794164,5794509,5794656,5794696,5794913,5795929,5796864,5797412,5797453,5797699,5797719,5798732,5799994,13702623,48966202,49372328,49375222,49381162,49398749,49451639,49452965,49471971,49491685,49499289,49501724,49512213,49622771,49629262,49642865,49643596,49644123,49658602,49769325,49783962,49822909,49823112,49824143,49833550,49842983,49878668,49904347,49924754,49926201,49927387,49943127,49971941,49979606,50082768,50108979,50166919,50179510,50221888,50266150,50273416,50335675,50335857,50360128,50360924,50387063,50389258,50390045,50423050,50439168,50492390,50498755,50515215,50520301,50529291,50533204,50548862,50549583,50549979,50562904,50580212,50602289,50606435,70971284,70979490,71008121,71035368,71035445,71036581,71038323,71057317,71061492,71079072,71079886,71085309,71117264,71123552,71145457,71152219,71178780,71185118,71197954,71230113,71239114,71254172,71260410,71274245,71289134,71296556,71301238,71330481,71347020,71357861,71386873,71387877,71391596,71394887,71400634,71407433,71416980,71451250,71470324,71472042,71484155,71505363,71510857,71520558,71530131,71531265,71531847,71544822,71573978,71581648,71582476,71582804,71583158,71594882,71600985,71608368,71625728,71626814,71626825,71626898,71626949,71627039,71627049,71631283,71631566,71631654,71632394,71658068,71659901,71660166,71661068,71668061,71668390,71671686,71679508,71689928,71700636,71724156,71732226,71733823,71821506,71822072,71833016,71881399,71891547,71898015,71924159,71958949,71960488,94333368,94339749,94353296,94354972,94391523,94415333,94420939,94429074,94433761,94434504,94454749,94467930,94492897,94493278,94527561,94527580,94556011],"crc":0,"cvi":[]},"drive_url":"//drive.google.com?usp\u003dsheets_web","docs-liap":"/naLogImpressions","docs-sup":"/spreadsheets"}; _docs_flag_cek=''; if (window['DOCS_timing']) {DOCS_timing['ifdld']=new Date().getTime();}</script></head><script nonce="sqXFWQmXvH0qAZdr4u8W_w">document.addEventListener('DOMContentLoaded', init);</script><body class="docs-gm"><div id="top-bar"><div id="doc-title"><span class="name">NMTC testing : Race Dates test</span></div></div><div id="sheets-viewport"><div id="2146819229" style="display:none;position:relative;" dir="ltr"><div class="ritz grid-container" dir="ltr"><table class="waffle" cellspacing="0" cellpadding="0"><thead><tr><th class="row-header freezebar-origin-ltr header-shim row-header-shim"></th><th id="2146819229C0" style="width:100px;" class="header-shim"></th><th id="2146819229C1" style="width:100px;" class="header-shim"></th></tr></thead><tbody><tr style="height: 20px"><th id="2146819229R0" style="height: 20px;" class="row-headers-background row-header-shim"><div class="row-header-wrapper" style="line-height: 20px">1</div></th><td class="s0" dir="ltr">Name</td><td class="s0" dir="ltr">Desc</td></tr><tr style="height: 20px"><th id="2146819229R1" style="height: 20px;" class="row-headers-background row-header-shim"><div class="row-header-wrapper" style="line-height: 20px">2</div></th><td class="s0" dir="ltr">One One</td><td class="s0" dir="ltr">Desc One</td></tr><tr style="height: 20px"><th id="2146819229R2" style="height: 20px;" class="row-headers-background row-header-shim"><div class="row-header-wrapper" style="line-height: 20px">3</div></th><td class="s0" dir="ltr">Two Two</td><td class="s0" dir="ltr">Desc Two</td></tr></tbody></table></div></div></div><div id="footer"><span>Published by <a target="_blank" title="Learn more about Google Sheets" href="https://docs.google.com/spreadsheets/?usp=sheets_web">Google Sheets</a></span><span class="dash">&ndash;</span><a href="//drive.google.com/abuse?id=AKkXjowE6D7UDNqht_x2L_qqDZ4y1hSCVufD9PxP_xWNeIjy1SYf4baK24SRi9sEy4OK4ip77r19AqR_Hsya_EI:0">Report Abuse</a><span class="dash">&ndash;</span><span>Updated automatically every 5 minutes</span></div><script type="text/javascript" nonce="sqXFWQmXvH0qAZdr4u8W_w">activeSheetId = '2146819229'; switchToSheet('2146819229');</script></body></html>